id,lat,lon,start_date,end_date
55001310120,NA,NA,6/11/20,6/18/20
55000100280,39.19674,-84.582601,3/1/17,3/8/17
55000100281,39.28765,-84.510173,1/30/12,2/6/12
55000100282,39.158521,-84.417572,12/1/20,12/8/20
55000100283,39.158521,-84.417572,4/8/19,4/15/19
55000100284,18,-66,4/8/19,4/15/19